{
    "a": 1.50293407951982,
    "b": -0.2036717784994453
}