ID,AREA,DISTRICT,GEOID,TOTAL,HISPANIC,BLACK,ASIAN,WHITE,OTHER,WINNER,REPRESENT,RRACE,WMARGIN,HISPANIC_PER,BLACK_PER,ASIAN_PER,WHITE_PER,OTHER_PER,HISPANIC_EFF,BLACK_EFF,ASIAN_EFF,WHITE_EFF,OTHER_EFF,HISPANIC_DIST,BLACK_DIST,ASIAN_DIST,WHITE_DIST,OTHER_DIST,HISPANIC_MAJ,BLACK_MAJ,ASIAN_MAJ,WHITE_MAJ,OTHER_MAJ,HISPANIC_CALB,BLACK_CALB,ASIAN_CALB,WHITE_CALB,OTHER_CALB
2,10982.3544,1,5001900US1901,800731,47748,33499,18707,675726,25055,R,Mariannette Miller-Meeks (R),White,0.2%,0.0596305126190943,0.0418355227910497,0.02336240260462,0.843886398803094,0.0312901586175632,1.60842843945103e-08,1.56356504693582e-08,1.65504855106686e-08,0.0776480914089975,0.429739871170353,0,0,0,0,0,0,0,0,1,0,0.8807970802738614,0.8807970795437635,0.8807970789034879,0.9471093630391568,0.9094207858218265
5,12963.6796,2,5001900US1902,795372,32572,31663,12956,692578,25604,R,Ashley Hinson (R),White,15.6%,0.0409519067807265,0.039809045327218,0.0162892332141438,0.870759845707417,0.0321912262438205,1.60842843945103e-08,1.56356504693582e-08,2.96612868320675e-08,0.0776480914089975,0.429739871170353,0,0,0,0,0,0,0,0,1,0,0.880797079554671,0.8807970794679135,0.880797079134496,0.9471093630391568,0.9101454244802345
6,10734.0546,3,5001900US1903,816360,70674,42735,31957,647435,23550,R,Zach Nunn (R),White,3.9%,0.0865721005438777,0.0523482287226224,0.039145720025479,0.793075358910285,0.0288475672497428,1.60842843945103e-08,1.56356504693582e-08,2.96612868320675e-08,0.0776480914089975,0.429739871170353,0,0,0,0,0,0,0,0,1,0,0.8807970813112048,0.8807970799372483,0.8807970807574158,0.9471093630391568,0.9074299280200966
7,21505.5253,4,5001900US1904,798045,82717,15610,16528,659906,23286,R,Randy Feenstra (R),White,34.3%,0.103649543572104,0.0195603004843085,0.0207106115569924,0.826903244804491,0.0291788057064451,1.60842843945103e-08,1.56356504693582e-08,2.96612868320675e-08,0.0776480914089975,0.429739871170353,0,0,0,0,0,0,0,0,1,0,0.8807970819687448,0.880797078710014,0.8807970794484349,0.9471093630391568,0.9077021923045377
